Molecule ChEMBL ID,Molecule Name,Molecule Max Phase,Molecular Weight,#RO5 Violations,AlogP,Compound Key,Smiles,Standard Type,Standard Relation,Standard Value,Standard Units,pChEMBL Value,Data Validity Comment,Comment,Uo Units,Ligand Efficiency BEI,Ligand Efficiency LE,Ligand Efficiency LLE,Ligand Efficiency SEI,Potential Duplicate,Assay ChEMBL ID,Assay Description,Assay Type,BAO Format ID,BAO Label,Assay Organism,Assay Tissue ChEMBL ID,Assay Tissue Name,Assay Cell Type,Assay Subcellular Fraction,Assay Parameters,Assay Variant Accession,Assay Variant Mutation,Target ChEMBL ID,Target Name,Target Organism,Target Type,Document ChEMBL ID,Source ID,Source Description,Document Journal,Document Year,Cell ChEMBL ID,Properties,Action Type,Standard Text Value
CHEMBL248237,,None,441.44,1,5.61,15,O=C(Nc1nc(-c2ccc(C(F)(F)F)cc2)cs1)c1ccc(Nc2ccncn2)cc1,EC50,'=',492,nM,6.31,,,UO_0000065,,,,,0,CHEMBL941720,Agonist activity at human TPOr expressed in BaF3 cells by reporter assay,F,BAO_0000219,cell-based format,Homo sapiens,None,None,BaF3,None,,,,CHEMBL1864,Thrombopoietin receptor,Homo sapiens,SINGLE PROTEIN,CHEMBL1139790,1,Scientific Literature,Bioorg Med Chem Lett,2007,CHEMBL3307634,,,
CHEMBL439406,,None,458.43,0,4.89,92,O=C(Nc1nc(-c2cccc(OC(F)(F)F)c2)ns1)c1ccc(Nc2ccncn2)cc1,EC50,'>',10000,nM,,,,UO_0000065,,,,,0,CHEMBL941720,Agonist activity at human TPOr expressed in BaF3 cells by reporter assay,F,BAO_0000219,cell-based format,Homo sapiens,None,None,BaF3,None,,,,CHEMBL1864,Thrombopoietin receptor,Homo sapiens,SINGLE PROTEIN,CHEMBL1139790,1,Scientific Literature,Bioorg Med Chem Lett,2007,CHEMBL3307634,,,
CHEMBL429295,,None,546.51,1,4.81,76,O=C(Nc1nc(-c2cccc(OC(F)(F)F)c2F)cs1)c1ccc(Nc2cc(N3CC(O)C3)ncn2)cc1,EC50,'=',7,nM,8.15,,,UO_0000065,,,,,0,CHEMBL941720,Agonist activity at human TPOr expressed in BaF3 cells by reporter assay,F,BAO_0000219,cell-based format,Homo sapiens,None,None,BaF3,None,,,,CHEMBL1864,Thrombopoietin receptor,Homo sapiens,SINGLE PROTEIN,CHEMBL1139790,1,Scientific Literature,Bioorg Med Chem Lett,2007,CHEMBL3307634,,,
CHEMBL248241,,None,410.41,0,4.27,94,O=C(Nc1nsc(-c2ccc(F)c(F)c2)n1)c1ccc(Nc2ccncn2)cc1,EC50,'>',10000,nM,,,,UO_0000065,,,,,0,CHEMBL941720,Agonist activity at human TPOr expressed in BaF3 cells by reporter assay,F,BAO_0000219,cell-based format,Homo sapiens,None,None,BaF3,None,,,,CHEMBL1864,Thrombopoietin receptor,Homo sapiens,SINGLE PROTEIN,CHEMBL1139790,1,Scientific Literature,Bioorg Med Chem Lett,2007,CHEMBL3307634,,,
CHEMBL400869,,None,443.32,1,5.3,88,O=C(Nc1nc(-c2ccc(Cl)c(Cl)c2)ns1)c1ccc(Nc2ccncn2)cc1,EC50,'=',4400,nM,5.36,,,UO_0000065,,,,,0,CHEMBL941720,Agonist activity at human TPOr expressed in BaF3 cells by reporter assay,F,BAO_0000219,cell-based format,Homo sapiens,None,None,BaF3,None,,,,CHEMBL1864,Thrombopoietin receptor,Homo sapiens,SINGLE PROTEIN,CHEMBL1139790,1,Scientific Literature,Bioorg Med Chem Lett,2007,CHEMBL3307634,,,
CHEMBL248026,,None,459.43,1,5.75,83,O=C(Nc1ncc(-c2cccc(C(F)(F)F)c2F)s1)c1ccc(Nc2ccncn2)cc1,EC50,'>',10000,nM,,,,UO_0000065,,,,,0,CHEMBL941720,Agonist activity at human TPOr expressed in BaF3 cells by reporter assay,F,BAO_0000219,cell-based format,Homo sapiens,None,None,BaF3,None,,,,CHEMBL1864,Thrombopoietin receptor,Homo sapiens,SINGLE PROTEIN,CHEMBL1139790,1,Scientific Literature,Bioorg Med Chem Lett,2007,CHEMBL3307634,,,
CHEMBL248054,,None,460.42,1,5.15,91,O=C(Nc1nc(-c2ccc(C(F)(F)F)c(F)c2)ns1)c1ccc(Nc2ccncn2)cc1,EC50,'>',10000,nM,,,,UO_0000065,,,,,0,CHEMBL941720,Agonist activity at human TPOr expressed in BaF3 cells by reporter assay,F,BAO_0000219,cell-based format,Homo sapiens,None,None,BaF3,None,,,,CHEMBL1864,Thrombopoietin receptor,Homo sapiens,SINGLE PROTEIN,CHEMBL1139790,1,Scientific Literature,Bioorg Med Chem Lett,2007,CHEMBL3307634,,,
CHEMBL247642,,None,409.42,0,4.87,64,O=C(Nc1nc(-c2ccc(F)c(F)c2)cs1)c1ccc(Nc2ccncn2)cc1,EC50,'>',10000,nM,,,,UO_0000065,,,,,0,CHEMBL941720,Agonist activity at human TPOr expressed in BaF3 cells by reporter assay,F,BAO_0000219,cell-based format,Homo sapiens,None,None,BaF3,None,,,,CHEMBL1864,Thrombopoietin receptor,Homo sapiens,SINGLE PROTEIN,CHEMBL1139790,1,Scientific Literature,Bioorg Med Chem Lett,2007,CHEMBL3307634,,,
CHEMBL438874,,None,459.43,1,5.75,58,O=C(Nc1nc(-c2ccc(F)c(C(F)(F)F)c2)cs1)c1ccc(Nc2ccnnc2)cc1,EC50,'=',400,nM,6.4,,,UO_0000065,,,,,0,CHEMBL941720,Agonist activity at human TPOr expressed in BaF3 cells by reporter assay,F,BAO_0000219,cell-based format,Homo sapiens,None,None,BaF3,None,,,,CHEMBL1864,Thrombopoietin receptor,Homo sapiens,SINGLE PROTEIN,CHEMBL1139790,1,Scientific Literature,Bioorg Med Chem Lett,2007,CHEMBL3307634,,,
CHEMBL246429,,None,515.5,2,5.36,109,O=C(Nc1nc(-c2ccc(F)c(C(F)(F)F)c2)ns1)c1ccc(Nc2cc(N3CCC3)ncn2)cc1,EC50,'=',81,nM,7.09,,,UO_0000065,,,,,0,CHEMBL941720,Agonist activity at human TPOr expressed in BaF3 cells by reporter assay,F,BAO_0000219,cell-based format,Homo sapiens,None,None,BaF3,None,,,,CHEMBL1864,Thrombopoietin receptor,Homo sapiens,SINGLE PROTEIN,CHEMBL1139790,1,Scientific Literature,Bioorg Med Chem Lett,2007,CHEMBL3307634,,,
CHEMBL399074,,None,373.44,0,4.6,102,O=C(Nc1cc(-c2ccccc2)ns1)c1ccc(Nc2ccncn2)cc1,EC50,'>',10000,nM,,,,UO_0000065,,,,,0,CHEMBL941720,Agonist activity at human TPOr expressed in BaF3 cells by reporter assay,F,BAO_0000219,cell-based format,Homo sapiens,None,None,BaF3,None,,,,CHEMBL1864,Thrombopoietin receptor,Homo sapiens,SINGLE PROTEIN,CHEMBL1139790,1,Scientific Literature,Bioorg Med Chem Lett,2007,CHEMBL3307634,,,
CHEMBL247431,,None,409.42,0,4.87,table 2,,,,,,,,,,,,,,,,,,,,,,,,,,,,,,,,,,,,,,,,
CHEMBL247607,,None,442.33,1,5.9,28,O=C(Nc1nc(-c2cccc(Cl)c2Cl)cs1)c1ccc(Nc2ccncn2)cc1,EC50,'=',1340,nM,5.87,,,UO_0000065,,,,,0,CHEMBL941720,Agonist activity at human TPOr expressed in BaF3 cells by reporter assay,F,BAO_0000219,cell-based format,Homo sapiens,None,None,BaF3,None,,,,CHEMBL1864,Thrombopoietin receptor,Homo sapiens,SINGLE PROTEIN,CHEMBL1139790,1,Scientific Literature,Bioorg Med Chem Lett,2007,CHEMBL3307634,,,
CHEMBL247041,,None,447.54,1,5.93,25,CC(C)Cc1cccc(-c2csc(NC(=O)c3ccc(Nc4ccncn4)cc3)n2)c1F,EC50,'=',35,nM,7.46,,,UO_0000065,,,,,0,CHEMBL941720,Agonist activity at human TPOr expressed in BaF3 cells by reporter assay,F,BAO_0000219,cell-based format,Homo sapiens,None,None,BaF3,None,,,,CHEMBL1864,Thrombopoietin receptor,Homo sapiens,SINGLE PROTEIN,CHEMBL1139790,1,Scientific Literature,Bioorg Med Chem Lett,2007,CHEMBL3307634,,,
CHEMBL249062,,None,425.88,1,5.39,20,O=C(Nc1nc(-c2cccc(Cl)c2F)cs1)c1ccc(Nc2ccncn2)cc1,EC50,'=',612,nM,6.21,,,UO_0000065,,,,,0,CHEMBL941720,Agonist activity at human TPOr expressed in BaF3 cells by reporter assay,F,BAO_0000219,cell-based format,Homo sapiens,None,None,BaF3,None,,,,CHEMBL1864,Thrombopoietin receptor,Homo sapiens,SINGLE PROTEIN,CHEMBL1139790,1,Scientific Literature,Bioorg Med Chem Lett,2007,CHEMBL3307634,,,
CHEMBL245792,,None,473.45,1,5.78,63,CN(C(=O)c1ccc(Nc2ccncn2)cc1)c1nc(-c2cccc(C(F)(F)F)c2F)cs1,EC50,'>',10000,nM,,,,UO_0000065,,,,,0,CHEMBL941720,Agonist activity at human TPOr expressed in BaF3 cells by reporter assay,F,BAO_0000219,cell-based format,Homo sapiens,None,None,BaF3,None,,,,CHEMBL1864,Thrombopoietin receptor,Homo sapiens,SINGLE PROTEIN,CHEMBL1139790,1,Scientific Literature,Bioorg Med Chem Lett,2007,CHEMBL3307634,,,
CHEMBL246847,,None,489.45,1,5.76,68,COc1cc(Nc2ccc(C(=O)Nc3nc(-c4cccc(C(F)(F)F)c4F)cs3)cc2)ncn1,EC50,'=',38,nM,7.42,,,UO_0000065,,,,,0,CHEMBL941720,Agonist activity at human TPOr expressed in BaF3 cells by reporter assay,F,BAO_0000219,cell-based format,Homo sapiens,None,None,BaF3,None,,,,CHEMBL1864,Thrombopoietin receptor,Homo sapiens,SINGLE PROTEIN,CHEMBL1139790,1,Scientific Literature,Bioorg Med Chem Lett,2007,CHEMBL3307634,,,
CHEMBL246843,,None,459.43,1,5.75,53,O=C(Nc1nc(-c2cccc(C(F)(F)F)c2F)cs1)c1ccc(Nc2cncnc2)cc1,EC50,'=',320,nM,6.5,,,UO_0000065,,,,,0,CHEMBL941720,Agonist activity at human TPOr expressed in BaF3 cells by reporter assay,F,BAO_0000219,cell-based format,Homo sapiens,None,None,BaF3,None,,,,CHEMBL1864,Thrombopoietin receptor,Homo sapiens,SINGLE PROTEIN,CHEMBL1139790,1,Scientific Literature,Bioorg Med Chem Lett,2007,CHEMBL3307634,,,
CHEMBL400741,,None,459.43,1,5.75,52,O=C(Nc1nc(-c2cccc(C(F)(F)F)c2F)cs1)c1ccc(Nc2ncccn2)cc1,EC50,'=',7700,nM,5.11,,,UO_0000065,,,,,0,CHEMBL941720,Agonist activity at human TPOr expressed in BaF3 cells by reporter assay,F,BAO_0000219,cell-based format,Homo sapiens,None,None,BaF3,None,,,,CHEMBL1864,Thrombopoietin receptor,Homo sapiens,SINGLE PROTEIN,CHEMBL1139790,1,Scientific Literature,Bioorg Med Chem Lett,2007,CHEMBL3307634,,,
CHEMBL399073,,None,425.28,0,4.97,99,O=C(Nc1cnn(-c2ccc(Cl)c(Cl)c2)c1)c1ccc(Nc2ccncn2)cc1,EC50,'>',10000,nM,,,,UO_0000065,,,,,0,CHEMBL941720,Agonist activity at human TPOr expressed in BaF3 cells by reporter assay,F,BAO_0000219,cell-based format,Homo sapiens,None,None,BaF3,None,,,,CHEMBL1864,Thrombopoietin receptor,Homo sapiens,SINGLE PROTEIN,CHEMBL1139790,1,Scientific Literature,Bioorg Med Chem Lett,2007,CHEMBL3307634,,,
CHEMBL248399,,None,442.38,0,4.82,98,O=C(Nc1ccn(-c2ccc(F)c(C(F)(F)F)c2)n1)c1ccc(Nc2ccncn2)cc1,EC50,'=',2000,nM,5.7,,,UO_0000065,,,,,0,CHEMBL941720,Agonist activity at human TPOr expressed in BaF3 cells by reporter assay,F,BAO_0000219,cell-based format,Homo sapiens,None,None,BaF3,None,,,,CHEMBL1864,Thrombopoietin receptor,Homo sapiens,SINGLE PROTEIN,CHEMBL1139790,1,Scientific Literature,Bioorg Med Chem Lett,2007,CHEMBL3307634,,,
CHEMBL246846,,None,487.48,1,6.37,67,Cc1cc(Nc2ccc(C(=O)Nc3nc(-c4cccc(C(F)(F)F)c4F)cs3)cc2)nc(C)n1,EC50,'>',10000,nM,,,,UO_0000065,,,,,0,CHEMBL941720,Agonist activity at human TPOr expressed in BaF3 cells by reporter assay,F,BAO_0000219,cell-based format,Homo sapiens,None,None,BaF3,None,,,,CHEMBL1864,Thrombopoietin receptor,Homo sapiens,SINGLE PROTEIN,CHEMBL1139790,1,Scientific Literature,Bioorg Med Chem Lett,2007,CHEMBL3307634,,,
CHEMBL393087,,None,427.41,1,5.01,43,O=C(Nc1nc(-c2ccc(F)c(F)c2F)cs1)c1ccc(Nc2ccncn2)cc1,EC50,'=',84,nM,7.08,,,UO_0000065,,,,,0,CHEMBL941720,Agonist activity at human TPOr expressed in BaF3 cells by reporter assay,F,BAO_0000219,cell-based format,Homo sapiens,None,None,BaF3,None,,,,CHEMBL1864,Thrombopoietin receptor,Homo sapiens,SINGLE PROTEIN,CHEMBL1139790,1,Scientific Literature,Bioorg Med Chem Lett,2007,CHEMBL3307634,,,
CHEMBL247461,,None,423.89,0,4.96,35,O=C(Nc1nc(-c2cc(Cl)ccc2O)cs1)c1ccc(Nc2ccncn2)cc1,EC50,'>',10000,nM,,,,UO_0000065,,,,,0,CHEMBL941720,Agonist activity at human TPOr expressed in BaF3 cells by reporter assay,F,BAO_0000219,cell-based format,Homo sapiens,None,None,BaF3,None,,,,CHEMBL1864,Thrombopoietin receptor,Homo sapiens,SINGLE PROTEIN,CHEMBL1139790,1,Scientific Literature,Bioorg Med Chem Lett,2007,CHEMBL3307634,,,
CHEMBL398549,,None,418.44,0,4.5,18,O=C(Nc1nc(-c2ccc([N+](=O)[O-])cc2)cs1)c1ccc(Nc2ccncn2)cc1,EC50,'>',10000,nM,,,,UO_0000065,,,,,0,CHEMBL941720,Agonist activity at human TPOr expressed in BaF3 cells by reporter assay,F,BAO_0000219,cell-based format,Homo sapiens,None,None,BaF3,None,,,,CHEMBL1864,Thrombopoietin receptor,Homo sapiens,SINGLE PROTEIN,CHEMBL1139790,1,Scientific Literature,Bioorg Med Chem Lett,2007,CHEMBL3307634,,,
CHEMBL248215,,None,473.45,1,5.78,61,CN(c1ccc(C(=O)Nc2nc(-c3cccc(C(F)(F)F)c3F)cs2)cc1)c1ccncn1,EC50,'>',10000,nM,,,,UO_0000065,,,,,0,CHEMBL941720,Agonist activity at human TPOr expressed in BaF3 cells by reporter assay,F,BAO_0000219,cell-based format,Homo sapiens,None,None,BaF3,None,,,,CHEMBL1864,Thrombopoietin receptor,Homo sapiens,SINGLE PROTEIN,CHEMBL1139790,1,Scientific Literature,Bioorg Med Chem Lett,2007,CHEMBL3307634,,,
CHEMBL248213,,None,459.43,1,5.75,51,O=C(Nc1nc(-c2cccc(C(F)(F)F)c2F)cs1)c1ccc(Nc2cnccn2)cc1,EC50,'=',7900,nM,5.1,,,UO_0000065,,,,,0,CHEMBL941720,Agonist activity at human TPOr expressed in BaF3 cells by reporter assay,F,BAO_0000219,cell-based format,Homo sapiens,None,None,BaF3,None,,,,CHEMBL1864,Thrombopoietin receptor,Homo sapiens,SINGLE PROTEIN,CHEMBL1139790,1,Scientific Literature,Bioorg Med Chem Lett,2007,CHEMBL3307634,,,
CHEMBL251095,,None,443.46,0,4.66,1,O=C1NC(=O)/C(=C/c2ccc(C(=O)Nc3nc(-c4ccc(F)c(F)c4)cs3)cc2)S1,EC50,'=',28,nM,7.55,,,UO_0000065,,,,,0,CHEMBL941720,Agonist activity at human TPOr expressed in BaF3 cells by reporter assay,F,BAO_0000219,cell-based format,Homo sapiens,None,None,BaF3,None,,,,CHEMBL1864,Thrombopoietin receptor,Homo sapiens,SINGLE PROTEIN,CHEMBL1139790,1,Scientific Literature,Bioorg Med Chem Lett,2007,CHEMBL3307634,,,
CHEMBL248390,,None,536.94,2,6.47,80,CN(C)c1cc(Nc2ccc(C(=O)Nc3nc(-c4ccc(F)c(C(F)(F)F)c4)c(Cl)s3)cc2)ncn1,EC50,'=',11,nM,7.96,,,UO_0000065,,,,,0,CHEMBL941720,Agonist activity at human TPOr expressed in BaF3 cells by reporter assay,F,BAO_0000219,cell-based format,Homo sapiens,None,None,BaF3,None,,,,CHEMBL1864,Thrombopoietin receptor,Homo sapiens,SINGLE PROTEIN,CHEMBL1139790,1,Scientific Literature,Bioorg Med Chem Lett,2007,CHEMBL3307634,,,
CHEMBL248388,,None,473.45,1,6.06,78,Cc1sc(NC(=O)c2ccc(Nc3ccncn3)cc2)nc1-c1ccc(F)c(C(F)(F)F)c1,EC50,'=',180,nM,6.75,,,UO_0000065,,,,,0,CHEMBL941720,Agonist activity at human TPOr expressed in BaF3 cells by reporter assay,F,BAO_0000219,cell-based format,Homo sapiens,None,None,BaF3,None,,,,CHEMBL1864,Thrombopoietin receptor,Homo sapiens,SINGLE PROTEIN,CHEMBL1139790,1,Scientific Literature,Bioorg Med Chem Lett,2007,CHEMBL3307634,,,
CHEMBL248055,,None,476.42,1,5.03,93,O=C(Nc1nc(-c2cccc(OC(F)(F)F)c2F)ns1)c1ccc(Nc2ccncn2)cc1,EC50,'=',970,nM,6.01,,,UO_0000065,,,,,0,CHEMBL941720,Agonist activity at human TPOr expressed in BaF3 cells by reporter assay,F,BAO_0000219,cell-based format,Homo sapiens,None,None,BaF3,None,,,,CHEMBL1864,Thrombopoietin receptor,Homo sapiens,SINGLE PROTEIN,CHEMBL1139790,1,Scientific Literature,Bioorg Med Chem Lett,2007,CHEMBL3307634,,,
CHEMBL440231,,None,532.52,2,5.18,72,CN(CCO)c1cc(Nc2ccc(C(=O)Nc3nc(-c4cccc(C(F)(F)F)c4F)cs3)cc2)ncn1,EC50,'=',22,nM,7.66,,,UO_0000065,,,,,0,CHEMBL941720,Agonist activity at human TPOr expressed in BaF3 cells by reporter assay,F,BAO_0000219,cell-based format,Homo sapiens,None,None,BaF3,None,,,,CHEMBL1864,Thrombopoietin receptor,Homo sapiens,SINGLE PROTEIN,CHEMBL1139790,1,Scientific Literature,Bioorg Med Chem Lett,2007,CHEMBL3307634,,,
CHEMBL248037,,None,458.44,1,6.36,49,O=C(Nc1nc(-c2cccc(C(F)(F)F)c2F)cs1)c1ccc(Nc2cccnc2)cc1,EC50,'=',8600,nM,5.07,,,UO_0000065,,,,,0,CHEMBL941720,Agonist activity at human TPOr expressed in BaF3 cells by reporter assay,F,BAO_0000219,cell-based format,Homo sapiens,None,None,BaF3,None,,,,CHEMBL1864,Thrombopoietin receptor,Homo sapiens,SINGLE PROTEIN,CHEMBL1139790,1,Scientific Literature,Bioorg Med Chem Lett,2007,CHEMBL3307634,,,
CHEMBL442278,,None,591.59,1,4.72,111,O=C(Nc1nc(-c2ccc(F)c(C(F)(F)F)c2)ns1)c1ccc(Nc2cc(N(CCCO)CCCO)ncn2)cc1,EC50,'=',71,nM,7.15,,,UO_0000065,,,,,0,CHEMBL941720,Agonist activity at human TPOr expressed in BaF3 cells by reporter assay,F,BAO_0000219,cell-based format,Homo sapiens,None,None,BaF3,None,,,,CHEMBL1864,Thrombopoietin receptor,Homo sapiens,SINGLE PROTEIN,CHEMBL1139790,1,Scientific Literature,Bioorg Med Chem Lett,2007,CHEMBL3307634,,,
CHEMBL249063,,None,470.33,1,5.5,21,O=C(Nc1nc(-c2cccc(Br)c2F)cs1)c1ccc(Nc2ccncn2)cc1,EC50,'=',100,nM,7,,,UO_0000065,,,,,0,CHEMBL941720,Agonist activity at human TPOr expressed in BaF3 cells by reporter assay,F,BAO_0000219,cell-based format,Homo sapiens,None,None,BaF3,None,,,,CHEMBL1864,Thrombopoietin receptor,Homo sapiens,SINGLE PROTEIN,CHEMBL1139790,1,Scientific Literature,Bioorg Med Chem Lett,2007,CHEMBL3307634,,,
CHEMBL401276,,None,457.44,1,5.49,17,O=C(Nc1nc(-c2ccc(OC(F)(F)F)cc2)cs1)c1ccc(Nc2ccncn2)cc1,EC50,'=',10000,nM,5,,,UO_0000065,,,,,0,CHEMBL941720,Agonist activity at human TPOr expressed in BaF3 cells by reporter assay,F,BAO_0000219,cell-based format,Homo sapiens,None,None,BaF3,None,,,,CHEMBL1864,Thrombopoietin receptor,Homo sapiens,SINGLE PROTEIN,CHEMBL1139790,1,Scientific Literature,Bioorg Med Chem Lett,2007,CHEMBL3307634,,,
CHEMBL245993,,None,457.44,1,5.49,11,O=C(Nc1nc(-c2cccc(OC(F)(F)F)c2)cs1)c1ccc(Nc2ccncn2)cc1,EC50,'=',284,nM,6.55,,,UO_0000065,,,,,0,CHEMBL941720,Agonist activity at human TPOr expressed in BaF3 cells by reporter assay,F,BAO_0000219,cell-based format,Homo sapiens,None,None,BaF3,None,,,,CHEMBL1864,Thrombopoietin receptor,Homo sapiens,SINGLE PROTEIN,CHEMBL1139790,1,Scientific Literature,Bioorg Med Chem Lett,2007,CHEMBL3307634,,,
CHEMBL246618,,None,452.34,1,5.36,9,O=C(Nc1nc(-c2cccc(Br)c2)cs1)c1ccc(Nc2ccncn2)cc1,EC50,'=',645,nM,6.19,,,UO_0000065,,,,,0,CHEMBL941720,Agonist activity at human TPOr expressed in BaF3 cells by reporter assay,F,BAO_0000219,cell-based format,Homo sapiens,None,None,BaF3,None,,,,CHEMBL1864,Thrombopoietin receptor,Homo sapiens,SINGLE PROTEIN,CHEMBL1139790,1,Scientific Literature,Bioorg Med Chem Lett,2007,CHEMBL3307634,,,
CHEMBL399356,,None,473.46,1,6.06,77,Cc1sc(NC(=O)c2ccc(Nc3ccncn3)cc2)nc1-c1cccc(C(F)(F)F)c1F,EC50,'=',540,nM,6.27,,,UO_0000065,,,,,0,CHEMBL941720,Agonist activity at human TPOr expressed in BaF3 cells by reporter assay,F,BAO_0000219,cell-based format,Homo sapiens,None,None,BaF3,None,,,,CHEMBL1864,Thrombopoietin receptor,Homo sapiens,SINGLE PROTEIN,CHEMBL1139790,1,Scientific Literature,Bioorg Med Chem Lett,2007,CHEMBL3307634,,,
CHEMBL247019,,None,502.5,2,6.19,70,CCNc1cc(Nc2ccc(C(=O)Nc3nc(-c4cccc(C(F)(F)F)c4F)cs3)cc2)ncn1,EC50,'=',130,nM,6.89,,,UO_0000065,,,,,0,CHEMBL941720,Agonist activity at human TPOr expressed in BaF3 cells by reporter assay,F,BAO_0000219,cell-based format,Homo sapiens,None,None,BaF3,None,,,,CHEMBL1864,Thrombopoietin receptor,Homo sapiens,SINGLE PROTEIN,CHEMBL1139790,1,Scientific Literature,Bioorg Med Chem Lett,2007,CHEMBL3307634,,,
CHEMBL249471,,None,531.5,1,4.33,110,O=C(Nc1nc(-c2ccc(F)c(C(F)(F)F)c2)ns1)c1ccc(Nc2cc(N3CC(O)C3)ncn2)cc1,EC50,'=',13,nM,7.89,,,UO_0000065,,,,,0,CHEMBL941720,Agonist activity at human TPOr expressed in BaF3 cells by reporter assay,F,BAO_0000219,cell-based format,Homo sapiens,None,None,BaF3,None,,,,CHEMBL1864,Thrombopoietin receptor,Homo sapiens,SINGLE PROTEIN,CHEMBL1139790,1,Scientific Literature,Bioorg Med Chem Lett,2007,CHEMBL3307634,,,
CHEMBL248428,,None,519.48,1,4.55,106,O=C(Nc1nc(-c2ccc(F)c(C(F)(F)F)c2)ns1)c1ccc(Nc2cc(NCCO)ncn2)cc1,EC50,'=',30,nM,7.52,,,UO_0000065,,,,,0,CHEMBL941720,Agonist activity at human TPOr expressed in BaF3 cells by reporter assay,F,BAO_0000219,cell-based format,Homo sapiens,None,None,BaF3,None,,,,CHEMBL1864,Thrombopoietin receptor,Homo sapiens,SINGLE PROTEIN,CHEMBL1139790,1,Scientific Literature,Bioorg Med Chem Lett,2007,CHEMBL3307634,,,
CHEMBL399768,,None,442.38,0,4.82,97,O=C(Nc1ccn(-c2cccc(C(F)(F)F)c2F)n1)c1ccc(Nc2ccncn2)cc1,EC50,'=',1400,nM,5.85,,,UO_0000065,,,,,0,CHEMBL941720,Agonist activity at human TPOr expressed in BaF3 cells by reporter assay,F,BAO_0000219,cell-based format,Homo sapiens,None,None,BaF3,None,,,,CHEMBL1864,Thrombopoietin receptor,Homo sapiens,SINGLE PROTEIN,CHEMBL1139790,1,Scientific Literature,Bioorg Med Chem Lett,2007,CHEMBL3307634,,,
CHEMBL248053,,None,460.42,1,5.15,90,O=C(Nc1nc(-c2ccc(F)c(C(F)(F)F)c2)ns1)c1ccc(Nc2ccncn2)cc1,EC50,'=',410,nM,6.39,,,UO_0000065,,,,,0,CHEMBL941720,Agonist activity at human TPOr expressed in BaF3 cells by reporter assay,F,BAO_0000219,cell-based format,Homo sapiens,None,None,BaF3,None,,,,CHEMBL1864,Thrombopoietin receptor,Homo sapiens,SINGLE PROTEIN,CHEMBL1139790,1,Scientific Literature,Bioorg Med Chem Lett,2007,CHEMBL3307634,,,
CHEMBL247645,,None,477.42,1,5.89,45,O=C(Nc1nc(-c2ccc(F)c(C(F)(F)F)c2F)cs1)c1ccc(Nc2ccncn2)cc1,EC50,'=',33,nM,7.48,,,UO_0000065,,,,,0,CHEMBL941720,Agonist activity at human TPOr expressed in BaF3 cells by reporter assay,F,BAO_0000219,cell-based format,Homo sapiens,None,None,BaF3,None,,,,CHEMBL1864,Thrombopoietin receptor,Homo sapiens,SINGLE PROTEIN,CHEMBL1139790,1,Scientific Literature,Bioorg Med Chem Lett,2007,CHEMBL3307634,,,
CHEMBL247642,,None,409.42,0,4.87,2,O=C(Nc1nc(-c2ccc(F)c(F)c2)cs1)c1ccc(Nc2ccncn2)cc1,EC50,'=',400,nM,6.4,,,UO_0000065,,,,,0,CHEMBL941720,Agonist activity at human TPOr expressed in BaF3 cells by reporter assay,F,BAO_0000219,cell-based format,Homo sapiens,None,None,BaF3,None,,,,CHEMBL1864,Thrombopoietin receptor,Homo sapiens,SINGLE PROTEIN,CHEMBL1139790,1,Scientific Literature,Bioorg Med Chem Lett,2007,CHEMBL3307634,,,
CHEMBL247641,,None,437.91,1,5.26,36,COc1ccc(Cl)cc1-c1csc(NC(=O)c2ccc(Nc3ccncn3)cc2)n1,EC50,'>',10000,nM,,,,UO_0000065,,,,,0,CHEMBL941720,Agonist activity at human TPOr expressed in BaF3 cells by reporter assay,F,BAO_0000219,cell-based format,Homo sapiens,None,None,BaF3,None,,,,CHEMBL1864,Thrombopoietin receptor,Homo sapiens,SINGLE PROTEIN,CHEMBL1139790,1,Scientific Literature,Bioorg Med Chem Lett,2007,CHEMBL3307634,,,
CHEMBL248389,,None,516.52,2,6.13,79,Cc1sc(NC(=O)c2ccc(Nc3cc(N(C)C)ncn3)cc2)nc1-c1ccc(F)c(C(F)(F)F)c1,EC50,'=',45,nM,7.35,,,UO_0000065,,,,,0,CHEMBL941720,Agonist activity at human TPOr expressed in BaF3 cells by reporter assay,F,BAO_0000219,cell-based format,Homo sapiens,None,None,BaF3,None,,,,CHEMBL1864,Thrombopoietin receptor,Homo sapiens,SINGLE PROTEIN,CHEMBL1139790,1,Scientific Literature,Bioorg Med Chem Lett,2007,CHEMBL3307634,,,
CHEMBL436633,,None,443.36,1,5.29,105,O=C(Nc1coc(-c2ccc(F)c(C(F)(F)F)c2)n1)c1ccc(Nc2ccncn2)cc1,EC50,'=',2300,nM,5.64,,,UO_0000065,,,,,0,CHEMBL941720,Agonist activity at human TPOr expressed in BaF3 cells by reporter assay,F,BAO_0000219,cell-based format,Homo sapiens,None,None,BaF3,None,,,,CHEMBL1864,Thrombopoietin receptor,Homo sapiens,SINGLE PROTEIN,CHEMBL1139790,1,Scientific Literature,Bioorg Med Chem Lett,2007,CHEMBL3307634,,,
CHEMBL246197,,None,442.38,0,4.82,101,O=C(Nc1cnn(-c2ccc(F)c(C(F)(F)F)c2)c1)c1ccc(Nc2ccncn2)cc1,EC50,'>',10000,nM,,,,UO_0000065,,,,,0,CHEMBL941720,Agonist activity at human TPOr expressed in BaF3 cells by reporter assay,F,BAO_0000219,cell-based format,Homo sapiens,None,None,BaF3,None,,,,CHEMBL1864,Thrombopoietin receptor,Homo sapiens,SINGLE PROTEIN,CHEMBL1139790,1,Scientific Literature,Bioorg Med Chem Lett,2007,CHEMBL3307634,,,
CHEMBL248004,,None,401.5,1,5.21,40,Cc1ccc(-c2csc(NC(=O)c3ccc(Nc4ccncn4)cc3)n2)cc1C,EC50,'=',784,nM,6.11,,,UO_0000065,,,,,0,CHEMBL941720,Agonist activity at human TPOr expressed in BaF3 cells by reporter assay,F,BAO_0000219,cell-based format,Homo sapiens,None,None,BaF3,None,,,,CHEMBL1864,Thrombopoietin receptor,Homo sapiens,SINGLE PROTEIN,CHEMBL1139790,1,Scientific Literature,Bioorg Med Chem Lett,2007,CHEMBL3307634,,,
CHEMBL245795,,None,483.48,1,5.55,82,O=C(Nc1nc2c(s1)CCOc1c-2cccc1C(F)(F)F)c1ccc(Nc2ccncn2)cc1,EC50,'=',27,nM,7.57,,,UO_0000065,,,,,0,CHEMBL941720,Agonist activity at human TPOr expressed in BaF3 cells by reporter assay,F,BAO_0000219,cell-based format,Homo sapiens,None,None,BaF3,None,,,,CHEMBL1864,Thrombopoietin receptor,Homo sapiens,SINGLE PROTEIN,CHEMBL1139790,1,Scientific Literature,Bioorg Med Chem Lett,2007,CHEMBL3307634,,,
CHEMBL247017,,None,502.5,2,5.82,69,CN(C)c1cc(Nc2ccc(C(=O)Nc3nc(-c4cccc(C(F)(F)F)c4F)cs3)cc2)ncn1,EC50,'=',54,nM,7.27,,,UO_0000065,,,,,0,CHEMBL941720,Agonist activity at human TPOr expressed in BaF3 cells by reporter assay,F,BAO_0000219,cell-based format,Homo sapiens,None,None,BaF3,None,,,,CHEMBL1864,Thrombopoietin receptor,Homo sapiens,SINGLE PROTEIN,CHEMBL1139790,1,Scientific Literature,Bioorg Med Chem Lett,2007,CHEMBL3307634,,,
CHEMBL247820,,None,401.5,1,5.21,33,Cc1ccc(-c2csc(NC(=O)c3ccc(Nc4ccncn4)cc3)n2)c(C)c1,EC50,'=',2260,nM,5.65,,,UO_0000065,,,,,0,CHEMBL941720,Agonist activity at human TPOr expressed in BaF3 cells by reporter assay,F,BAO_0000219,cell-based format,Homo sapiens,None,None,BaF3,None,,,,CHEMBL1864,Thrombopoietin receptor,Homo sapiens,SINGLE PROTEIN,CHEMBL1139790,1,Scientific Literature,Bioorg Med Chem Lett,2007,CHEMBL3307634,,,
CHEMBL245995,,None,387.47,0,4.9,14,Cc1ccc(-c2csc(NC(=O)c3ccc(Nc4ccncn4)cc3)n2)cc1,EC50,'=',1200,nM,5.92,,,UO_0000065,,,,,0,CHEMBL941720,Agonist activity at human TPOr expressed in BaF3 cells by reporter assay,F,BAO_0000219,cell-based format,Homo sapiens,None,None,BaF3,None,,,,CHEMBL1864,Thrombopoietin receptor,Homo sapiens,SINGLE PROTEIN,CHEMBL1139790,1,Scientific Literature,Bioorg Med Chem Lett,2007,CHEMBL3307634,,,
CHEMBL400559,,None,407.89,1,5.25,5,O=C(Nc1nc(-c2ccccc2Cl)cs1)c1ccc(Nc2ccncn2)cc1,EC50,'=',9000,nM,5.05,,,UO_0000065,,,,,0,CHEMBL941720,Agonist activity at human TPOr expressed in BaF3 cells by reporter assay,F,BAO_0000219,cell-based format,Homo sapiens,None,None,BaF3,None,,,,CHEMBL1864,Thrombopoietin receptor,Homo sapiens,SINGLE PROTEIN,CHEMBL1139790,1,Scientific Literature,Bioorg Med Chem Lett,2007,CHEMBL3307634,,,
CHEMBL399357,,None,469.45,1,5.51,81,O=C(Nc1nc2c(s1)COc1c-2cccc1C(F)(F)F)c1ccc(Nc2ccncn2)cc1,EC50,'=',140,nM,6.85,,,UO_0000065,,,,,0,CHEMBL941720,Agonist activity at human TPOr expressed in BaF3 cells by reporter assay,F,BAO_0000219,cell-based format,Homo sapiens,None,None,BaF3,None,,,,CHEMBL1864,Thrombopoietin receptor,Homo sapiens,SINGLE PROTEIN,CHEMBL1139790,1,Scientific Literature,Bioorg Med Chem Lett,2007,CHEMBL3307634,,,
CHEMBL248039,,None,460.42,1,5.15,59,O=C(Nc1nc(-c2cccc(C(F)(F)F)c2F)cs1)c1ccc(Nc2ncncn2)cc1,EC50,'=',540,nM,6.27,,,UO_0000065,,,,,0,CHEMBL941720,Agonist activity at human TPOr expressed in BaF3 cells by reporter assay,F,BAO_0000219,cell-based format,Homo sapiens,None,None,BaF3,None,,,,CHEMBL1864,Thrombopoietin receptor,Homo sapiens,SINGLE PROTEIN,CHEMBL1139790,1,Scientific Literature,Bioorg Med Chem Lett,2007,CHEMBL3307634,,,
CHEMBL398466,,None,458.44,1,6.36,48,O=C(Nc1nc(-c2cccc(C(F)(F)F)c2F)cs1)c1ccc(Nc2ccccn2)cc1,EC50,'=',2200,nM,5.66,,,UO_0000065,,,,,0,CHEMBL941720,Agonist activity at human TPOr expressed in BaF3 cells by reporter assay,F,BAO_0000219,cell-based format,Homo sapiens,None,None,BaF3,None,,,,CHEMBL1864,Thrombopoietin receptor,Homo sapiens,SINGLE PROTEIN,CHEMBL1139790,1,Scientific Literature,Bioorg Med Chem Lett,2007,CHEMBL3307634,,,
CHEMBL248242,,None,476.42,1,5.03,96,O=C(Nc1nsc(-c2cccc(OC(F)(F)F)c2F)n1)c1ccc(Nc2ccncn2)cc1,EC50,'>',10000,nM,,,,UO_0000065,,,,,0,CHEMBL941720,Agonist activity at human TPOr expressed in BaF3 cells by reporter assay,F,BAO_0000219,cell-based format,Homo sapiens,None,None,BaF3,None,,,,CHEMBL1864,Thrombopoietin receptor,Homo sapiens,SINGLE PROTEIN,CHEMBL1139790,1,Scientific Literature,Bioorg Med Chem Lett,2007,CHEMBL3307634,,,
CHEMBL245794,,None,473.46,1,6.06,66,Cc1cc(Nc2ccc(C(=O)Nc3nc(-c4cccc(C(F)(F)F)c4F)cs3)cc2)ncn1,EC50,'=',43,nM,7.37,,,UO_0000065,,,,,0,CHEMBL941720,Agonist activity at human TPOr expressed in BaF3 cells by reporter assay,F,BAO_0000219,cell-based format,Homo sapiens,None,None,BaF3,None,,,,CHEMBL1864,Thrombopoietin receptor,Homo sapiens,SINGLE PROTEIN,CHEMBL1139790,1,Scientific Literature,Bioorg Med Chem Lett,2007,CHEMBL3307634,,,
CHEMBL245793,,None,473.46,1,6.06,65,Cc1nccc(Nc2ccc(C(=O)Nc3nc(-c4cccc(C(F)(F)F)c4F)cs3)cc2)n1,EC50,'>',10000,nM,,,,UO_0000065,,,,,0,CHEMBL941720,Agonist activity at human TPOr expressed in BaF3 cells by reporter assay,F,BAO_0000219,cell-based format,Homo sapiens,None,None,BaF3,None,,,,CHEMBL1864,Thrombopoietin receptor,Homo sapiens,SINGLE PROTEIN,CHEMBL1139790,1,Scientific Literature,Bioorg Med Chem Lett,2007,CHEMBL3307634,,,
CHEMBL247650,,None,457.45,1,6.96,47,O=C(Nc1nc(-c2cccc(C(F)(F)F)c2F)cs1)c1ccc(Nc2ccccc2)cc1,EC50,'>',10000,nM,,,,UO_0000065,,,,,0,CHEMBL941720,Agonist activity at human TPOr expressed in BaF3 cells by reporter assay,F,BAO_0000219,cell-based format,Homo sapiens,None,None,BaF3,None,,,,CHEMBL1864,Thrombopoietin receptor,Homo sapiens,SINGLE PROTEIN,CHEMBL1139790,1,Scientific Literature,Bioorg Med Chem Lett,2007,CHEMBL3307634,,,
CHEMBL248434,,None,533.51,1,4.58,107,CN(CCO)c1cc(Nc2ccc(C(=O)Nc3nc(-c4ccc(F)c(C(F)(F)F)c4)ns3)cc2)ncn1,EC50,'=',220,nM,6.66,,,UO_0000065,,,,,0,CHEMBL941720,Agonist activity at human TPOr expressed in BaF3 cells by reporter assay,F,BAO_0000219,cell-based format,Homo sapiens,None,None,BaF3,None,,,,CHEMBL1864,Thrombopoietin receptor,Homo sapiens,SINGLE PROTEIN,CHEMBL1139790,1,Scientific Literature,Bioorg Med Chem Lett,2007,CHEMBL3307634,,,
CHEMBL247198,,None,374.43,0,3.99,85,O=C(Nc1nc(-c2ccccc2)ns1)c1ccc(Nc2ccncn2)cc1,EC50,'=',1600,nM,5.8,,,UO_0000065,,,,,0,CHEMBL941720,Agonist activity at human TPOr expressed in BaF3 cells by reporter assay,F,BAO_0000219,cell-based format,Homo sapiens,None,None,BaF3,None,,,,CHEMBL1864,Thrombopoietin receptor,Homo sapiens,SINGLE PROTEIN,CHEMBL1139790,1,Scientific Literature,Bioorg Med Chem Lett,2007,CHEMBL3307634,,,
CHEMBL247822,,None,459.43,1,5.75,table 2,,,,,,,,,,,,,,,,,,,,,,,,,,,,,,,,,,,,,,,,
CHEMBL247013,,None,373.44,0,4.6,3,O=C(Nc1nc(-c2ccccc2)cs1)c1ccc(Nc2ccncn2)cc1,EC50,'=',3440,nM,5.46,,,UO_0000065,,,,,0,CHEMBL941720,Agonist activity at human TPOr expressed in BaF3 cells by reporter assay,F,BAO_0000219,cell-based format,Homo sapiens,None,None,BaF3,None,,,,CHEMBL1864,Thrombopoietin receptor,Homo sapiens,SINGLE PROTEIN,CHEMBL1139790,1,Scientific Literature,Bioorg Med Chem Lett,2007,CHEMBL3307634,,,
CHEMBL397519,,None,510.33,2,6.92,46,O=C(Nc1nc(-c2c(Cl)cc(C(F)(F)F)cc2Cl)cs1)c1ccc(Nc2ccncn2)cc1,EC50,'>',10000,nM,,,,UO_0000065,,,,,0,CHEMBL941720,Agonist activity at human TPOr expressed in BaF3 cells by reporter assay,F,BAO_0000219,cell-based format,Homo sapiens,None,None,BaF3,None,,,,CHEMBL1864,Thrombopoietin receptor,Homo sapiens,SINGLE PROTEIN,CHEMBL1139790,1,Scientific Literature,Bioorg Med Chem Lett,2007,CHEMBL3307634,,,
CHEMBL428227,,None,459.43,1,5.75,31,O=C(Nc1nc(-c2ccc(C(F)(F)F)cc2F)cs1)c1ccc(Nc2ccncn2)cc1,EC50,'=',259,nM,6.59,,,UO_0000065,,,,,0,CHEMBL941720,Agonist activity at human TPOr expressed in BaF3 cells by reporter assay,F,BAO_0000219,cell-based format,Homo sapiens,None,None,BaF3,None,,,,CHEMBL1864,Thrombopoietin receptor,Homo sapiens,SINGLE PROTEIN,CHEMBL1139790,1,Scientific Literature,Bioorg Med Chem Lett,2007,CHEMBL3307634,,,
CHEMBL395701,,None,419.49,1,5.3,23,CCc1cccc(-c2csc(NC(=O)c3ccc(Nc4ccncn4)cc3)n2)c1F,EC50,'=',143,nM,6.84,,,UO_0000065,,,,,0,CHEMBL941720,Agonist activity at human TPOr expressed in BaF3 cells by reporter assay,F,BAO_0000219,cell-based format,Homo sapiens,None,None,BaF3,None,,,,CHEMBL1864,Thrombopoietin receptor,Homo sapiens,SINGLE PROTEIN,CHEMBL1139790,1,Scientific Literature,Bioorg Med Chem Lett,2007,CHEMBL3307634,,,
CHEMBL248211,,None,458.44,1,6.36,50,O=C(Nc1nc(-c2cccc(C(F)(F)F)c2F)cs1)c1ccc(Nc2ccncc2)cc1,EC50,'=',400,nM,6.4,,,UO_0000065,,,,,0,CHEMBL941720,Agonist activity at human TPOr expressed in BaF3 cells by reporter assay,F,BAO_0000219,cell-based format,Homo sapiens,None,None,BaF3,None,,,,CHEMBL1864,Thrombopoietin receptor,Homo sapiens,SINGLE PROTEIN,CHEMBL1139790,1,Scientific Literature,Bioorg Med Chem Lett,2007,CHEMBL3307634,,,
CHEMBL248047,,None,410.41,0,4.27,87,O=C(Nc1nc(-c2ccc(F)c(F)c2)ns1)c1ccc(Nc2ccncn2)cc1,EC50,'=',720,nM,6.14,,,UO_0000065,,,,,0,CHEMBL941720,Agonist activity at human TPOr expressed in BaF3 cells by reporter assay,F,BAO_0000219,cell-based format,Homo sapiens,None,None,BaF3,None,,,,CHEMBL1864,Thrombopoietin receptor,Homo sapiens,SINGLE PROTEIN,CHEMBL1139790,1,Scientific Literature,Bioorg Med Chem Lett,2007,CHEMBL3307634,,,
CHEMBL248046,,None,410.41,0,4.27,86,O=C(Nc1nc(-c2ccc(F)cc2F)ns1)c1ccc(Nc2ccncn2)cc1,EC50,'=',1300,nM,5.89,,,UO_0000065,,,,,0,CHEMBL941720,Agonist activity at human TPOr expressed in BaF3 cells by reporter assay,F,BAO_0000219,cell-based format,Homo sapiens,None,None,BaF3,None,,,,CHEMBL1864,Thrombopoietin receptor,Homo sapiens,SINGLE PROTEIN,CHEMBL1139790,1,Scientific Literature,Bioorg Med Chem Lett,2007,CHEMBL3307634,,,
CHEMBL249061,,None,409.42,0,4.87,19,O=C(Nc1nc(-c2cccc(F)c2F)cs1)c1ccc(Nc2ccncn2)cc1,EC50,'=',415,nM,6.38,,,UO_0000065,,,,,0,CHEMBL941720,Agonist activity at human TPOr expressed in BaF3 cells by reporter assay,F,BAO_0000219,cell-based format,Homo sapiens,None,None,BaF3,None,,,,CHEMBL1864,Thrombopoietin receptor,Homo sapiens,SINGLE PROTEIN,CHEMBL1139790,1,Scientific Literature,Bioorg Med Chem Lett,2007,CHEMBL3307634,,,
CHEMBL245994,,None,391.43,0,4.74,12,O=C(Nc1nc(-c2ccc(F)cc2)cs1)c1ccc(Nc2ccncn2)cc1,EC50,'=',2560,nM,5.59,,,UO_0000065,,,,,0,CHEMBL941720,Agonist activity at human TPOr expressed in BaF3 cells by reporter assay,F,BAO_0000219,cell-based format,Homo sapiens,None,None,BaF3,None,,,,CHEMBL1864,Thrombopoietin receptor,Homo sapiens,SINGLE PROTEIN,CHEMBL1139790,1,Scientific Literature,Bioorg Med Chem Lett,2007,CHEMBL3307634,,,
CHEMBL248035,,None,391.43,0,4.74,4,O=C(Nc1nc(-c2ccccc2F)cs1)c1ccc(Nc2ccncn2)cc1,EC50,'=',6850,nM,5.16,,,UO_0000065,,,,,0,CHEMBL941720,Agonist activity at human TPOr expressed in BaF3 cells by reporter assay,F,BAO_0000219,cell-based format,Homo sapiens,None,None,BaF3,None,,,,CHEMBL1864,Thrombopoietin receptor,Homo sapiens,SINGLE PROTEIN,CHEMBL1139790,1,Scientific Literature,Bioorg Med Chem Lett,2007,CHEMBL3307634,,,
CHEMBL246421,,None,407.89,1,5.25,103,O=C(Nc1cc(-c2ccc(Cl)cc2)ns1)c1ccc(Nc2ccncn2)cc1,EC50,'>',10000,nM,,,,UO_0000065,,,,,0,CHEMBL941720,Agonist activity at human TPOr expressed in BaF3 cells by reporter assay,F,BAO_0000219,cell-based format,Homo sapiens,None,None,BaF3,None,,,,CHEMBL1864,Thrombopoietin receptor,Homo sapiens,SINGLE PROTEIN,CHEMBL1139790,1,Scientific Literature,Bioorg Med Chem Lett,2007,CHEMBL3307634,,,
CHEMBL248192,,None,442.43,1,5.01,42,O=C(Nc1nc(-c2cccc(C(F)(F)F)n2)cs1)c1ccc(Nc2ccncn2)cc1,EC50,'=',244,nM,6.61,,,UO_0000065,,,,,0,CHEMBL941720,Agonist activity at human TPOr expressed in BaF3 cells by reporter assay,F,BAO_0000219,cell-based format,Homo sapiens,None,None,BaF3,None,,,,CHEMBL1864,Thrombopoietin receptor,Homo sapiens,SINGLE PROTEIN,CHEMBL1139790,1,Scientific Literature,Bioorg Med Chem Lett,2007,CHEMBL3307634,,,
CHEMBL391597,,None,442.33,1,5.9,39,O=C(Nc1nc(-c2ccc(Cl)c(Cl)c2)cs1)c1ccc(Nc2ccncn2)cc1,EC50,'=',347,nM,6.46,,,UO_0000065,,,,,0,CHEMBL941720,Agonist activity at human TPOr expressed in BaF3 cells by reporter assay,F,BAO_0000219,cell-based format,Homo sapiens,None,None,BaF3,None,,,,CHEMBL1864,Thrombopoietin receptor,Homo sapiens,SINGLE PROTEIN,CHEMBL1139790,1,Scientific Literature,Bioorg Med Chem Lett,2007,CHEMBL3307634,,,
CHEMBL247431,,None,409.42,0,4.87,29,O=C(Nc1nc(-c2ccc(F)cc2F)cs1)c1ccc(Nc2ccncn2)cc1,EC50,'=',173,nM,6.76,,,UO_0000065,,,,,0,CHEMBL941720,Agonist activity at human TPOr expressed in BaF3 cells by reporter assay,F,BAO_0000219,cell-based format,Homo sapiens,None,None,BaF3,None,,,,CHEMBL1864,Thrombopoietin receptor,Homo sapiens,SINGLE PROTEIN,CHEMBL1139790,1,Scientific Literature,Bioorg Med Chem Lett,2007,CHEMBL3307634,,,
CHEMBL247605,,None,421.46,0,4.74,26,COc1cccc(-c2csc(NC(=O)c3ccc(Nc4ccncn4)cc3)n2)c1F,EC50,'=',3130,nM,5.5,,,UO_0000065,,,,,0,CHEMBL941720,Agonist activity at human TPOr expressed in BaF3 cells by reporter assay,F,BAO_0000219,cell-based format,Homo sapiens,None,None,BaF3,None,,,,CHEMBL1864,Thrombopoietin receptor,Homo sapiens,SINGLE PROTEIN,CHEMBL1139790,1,Scientific Literature,Bioorg Med Chem Lett,2007,CHEMBL3307634,,,
CHEMBL247040,,None,447.54,1,6.08,24,CCCCc1cccc(-c2csc(NC(=O)c3ccc(Nc4ccncn4)cc3)n2)c1F,EC50,'=',53,nM,7.28,,,UO_0000065,,,,,0,CHEMBL941720,Agonist activity at human TPOr expressed in BaF3 cells by reporter assay,F,BAO_0000219,cell-based format,Homo sapiens,None,None,BaF3,None,,,,CHEMBL1864,Thrombopoietin receptor,Homo sapiens,SINGLE PROTEIN,CHEMBL1139790,1,Scientific Literature,Bioorg Med Chem Lett,2007,CHEMBL3307634,,,
CHEMBL246617,,None,407.89,1,5.25,8,O=C(Nc1nc(-c2cccc(Cl)c2)cs1)c1ccc(Nc2ccncn2)cc1,EC50,'=',3030,nM,5.52,,,UO_0000065,,,,,0,CHEMBL941720,Agonist activity at human TPOr expressed in BaF3 cells by reporter assay,F,BAO_0000219,cell-based format,Homo sapiens,None,None,BaF3,None,,,,CHEMBL1864,Thrombopoietin receptor,Homo sapiens,SINGLE PROTEIN,CHEMBL1139790,1,Scientific Literature,Bioorg Med Chem Lett,2007,CHEMBL3307634,,,
CHEMBL398286,,None,391.43,0,4.74,7,O=C(Nc1nc(-c2cccc(F)c2)cs1)c1ccc(Nc2ccncn2)cc1,EC50,'>',10000,nM,,,,UO_0000065,,,,,0,CHEMBL941720,Agonist activity at human TPOr expressed in BaF3 cells by reporter assay,F,BAO_0000219,cell-based format,Homo sapiens,None,None,BaF3,None,,,,CHEMBL1864,Thrombopoietin receptor,Homo sapiens,SINGLE PROTEIN,CHEMBL1139790,1,Scientific Literature,Bioorg Med Chem Lett,2007,CHEMBL3307634,,,
CHEMBL247014,,None,407.89,1,5.25,55,O=C(Nc1nc(-c2ccc(Cl)cc2)cs1)c1ccc(Nc2ccnnc2)cc1,EC50,'=',1600,nM,5.8,,,UO_0000065,,,,,0,CHEMBL941720,Agonist activity at human TPOr expressed in BaF3 cells by reporter assay,F,BAO_0000219,cell-based format,Homo sapiens,None,None,BaF3,None,,,,CHEMBL1864,Thrombopoietin receptor,Homo sapiens,SINGLE PROTEIN,CHEMBL1139790,1,Scientific Literature,Bioorg Med Chem Lett,2007,CHEMBL3307634,,,
CHEMBL249672,,None,564.53,2,3.88,(+/-)-112,CN(c1cc(Nc2ccc(C(=O)Nc3nc(-c4ccc(F)c(C(F)(F)F)c4)ns3)cc2)ncn1)C(CO)NO,EC50,'=',29,nM,7.54,,,UO_0000065,,,,,0,CHEMBL941720,Agonist activity at human TPOr expressed in BaF3 cells by reporter assay,F,BAO_0000219,cell-based format,Homo sapiens,None,None,BaF3,None,,,,CHEMBL1864,Thrombopoietin receptor,Homo sapiens,SINGLE PROTEIN,CHEMBL1139790,1,Scientific Literature,Bioorg Med Chem Lett,2007,CHEMBL3307634,,,
CHEMBL398287,,None,460.42,1,5.15,89,O=C(Nc1nc(-c2cccc(C(F)(F)F)c2F)ns1)c1ccc(Nc2ccncn2)cc1,EC50,'=',1500,nM,5.82,,,UO_0000065,,,,,0,CHEMBL941720,Agonist activity at human TPOr expressed in BaF3 cells by reporter assay,F,BAO_0000219,cell-based format,Homo sapiens,None,None,BaF3,None,,,,CHEMBL1864,Thrombopoietin receptor,Homo sapiens,SINGLE PROTEIN,CHEMBL1139790,1,Scientific Literature,Bioorg Med Chem Lett,2007,CHEMBL3307634,,,
CHEMBL399136,,None,407.89,1,5.25,table 2,,,,,,,,,,,,,,,,,,,,,,,,,,,,,,,,,,,,,,,,
CHEMBL438148,,None,459.43,1,5.75,84,O=C(Nc1ncc(-c2ccc(F)c(C(F)(F)F)c2)s1)c1ccc(Nc2ccncn2)cc1,EC50,'=',6700,nM,5.17,,,UO_0000065,,,,,0,CHEMBL941720,Agonist activity at human TPOr expressed in BaF3 cells by reporter assay,F,BAO_0000219,cell-based format,Homo sapiens,None,None,BaF3,None,,,,CHEMBL1864,Thrombopoietin receptor,Homo sapiens,SINGLE PROTEIN,CHEMBL1139790,1,Scientific Literature,Bioorg Med Chem Lett,2007,CHEMBL3307634,,,
CHEMBL248189,,None,459.43,1,5.75,34,O=C(Nc1nc(-c2cc(C(F)(F)F)ccc2F)cs1)c1ccc(Nc2ccncn2)cc1,EC50,'=',5190,nM,5.29,,,UO_0000065,,,,,0,CHEMBL941720,Agonist activity at human TPOr expressed in BaF3 cells by reporter assay,F,BAO_0000219,cell-based format,Homo sapiens,None,None,BaF3,None,,,,CHEMBL1864,Thrombopoietin receptor,Homo sapiens,SINGLE PROTEIN,CHEMBL1139790,1,Scientific Literature,Bioorg Med Chem Lett,2007,CHEMBL3307634,,,
CHEMBL247606,,None,475.43,1,5.63,27,O=C(Nc1nc(-c2cccc(OC(F)(F)F)c2F)cs1)c1ccc(Nc2ccncn2)cc1,EC50,'=',32,nM,7.5,,,UO_0000065,,,,,0,CHEMBL941720,Agonist activity at human TPOr expressed in BaF3 cells by reporter assay,F,BAO_0000219,cell-based format,Homo sapiens,None,None,BaF3,None,,,,CHEMBL1864,Thrombopoietin receptor,Homo sapiens,SINGLE PROTEIN,CHEMBL1139790,1,Scientific Literature,Bioorg Med Chem Lett,2007,CHEMBL3307634,,,
CHEMBL428226,,None,459.43,1,5.75,22,O=C(Nc1nc(-c2cccc(C(F)(F)F)c2F)cs1)c1ccc(Nc2ccncn2)cc1,EC50,'=',60,nM,7.22,,,UO_0000065,,,,,0,CHEMBL941720,Agonist activity at human TPOr expressed in BaF3 cells by reporter assay,F,BAO_0000219,cell-based format,Homo sapiens,None,None,BaF3,None,,,,CHEMBL1864,Thrombopoietin receptor,Homo sapiens,SINGLE PROTEIN,CHEMBL1139790,1,Scientific Literature,Bioorg Med Chem Lett,2007,CHEMBL3307634,,,
CHEMBL247016,,None,459.43,1,5.75,57,O=C(Nc1nc(-c2cccc(C(F)(F)F)c2F)cs1)c1ccc(Nc2ccnnc2)cc1,EC50,'=',120,nM,6.92,,,UO_0000065,,,,,0,CHEMBL941720,Agonist activity at human TPOr expressed in BaF3 cells by reporter assay,F,BAO_0000219,cell-based format,Homo sapiens,None,None,BaF3,None,,,,CHEMBL1864,Thrombopoietin receptor,Homo sapiens,SINGLE PROTEIN,CHEMBL1139790,1,Scientific Literature,Bioorg Med Chem Lett,2007,CHEMBL3307634,,,
CHEMBL247822,,None,459.43,1,5.75,38,O=C(Nc1nc(-c2ccc(F)c(C(F)(F)F)c2)cs1)c1ccc(Nc2ccncn2)cc1,EC50,'=',104,nM,6.98,,,UO_0000065,,,,,0,CHEMBL941720,Agonist activity at human TPOr expressed in BaF3 cells by reporter assay,F,BAO_0000219,cell-based format,Homo sapiens,None,None,BaF3,None,,,,CHEMBL1864,Thrombopoietin receptor,Homo sapiens,SINGLE PROTEIN,CHEMBL1139790,1,Scientific Literature,Bioorg Med Chem Lett,2007,CHEMBL3307634,,,
CHEMBL246428,,None,547.54,2,5.23,108,COCCN(C)c1cc(Nc2ccc(C(=O)Nc3nc(-c4ccc(F)c(C(F)(F)F)c4)ns3)cc2)ncn1,EC50,'=',130,nM,6.89,,,UO_0000065,,,,,0,CHEMBL941720,Agonist activity at human TPOr expressed in BaF3 cells by reporter assay,F,BAO_0000219,cell-based format,Homo sapiens,None,None,BaF3,None,,,,CHEMBL1864,Thrombopoietin receptor,Homo sapiens,SINGLE PROTEIN,CHEMBL1139790,1,Scientific Literature,Bioorg Med Chem Lett,2007,CHEMBL3307634,,,
CHEMBL246619,,None,441.44,1,5.61,10,O=C(Nc1nc(-c2cccc(C(F)(F)F)c2)cs1)c1ccc(Nc2ccncn2)cc1,EC50,'=',418,nM,6.38,,,UO_0000065,,,,,0,CHEMBL941720,Agonist activity at human TPOr expressed in BaF3 cells by reporter assay,F,BAO_0000219,cell-based format,Homo sapiens,None,None,BaF3,None,,,,CHEMBL1864,Thrombopoietin receptor,Homo sapiens,SINGLE PROTEIN,CHEMBL1139790,1,Scientific Literature,Bioorg Med Chem Lett,2007,CHEMBL3307634,,,
CHEMBL248217,,None,514.51,2,5.96,74,O=C(Nc1nc(-c2cccc(C(F)(F)F)c2F)cs1)c1ccc(Nc2cc(N3CCC3)ncn2)cc1,EC50,'=',23,nM,7.64,,,UO_0000065,,,,,0,CHEMBL941720,Agonist activity at human TPOr expressed in BaF3 cells by reporter assay,F,BAO_0000219,cell-based format,Homo sapiens,None,None,BaF3,None,,,,CHEMBL1864,Thrombopoietin receptor,Homo sapiens,SINGLE PROTEIN,CHEMBL1139790,1,Scientific Literature,Bioorg Med Chem Lett,2007,CHEMBL3307634,,,
CHEMBL248042,,None,546.55,2,5.84,73,COCCN(C)c1cc(Nc2ccc(C(=O)Nc3nc(-c4cccc(C(F)(F)F)c4F)cs3)cc2)ncn1,EC50,'=',84,nM,7.08,,,UO_0000065,,,,,0,CHEMBL941720,Agonist activity at human TPOr expressed in BaF3 cells by reporter assay,F,BAO_0000219,cell-based format,Homo sapiens,None,None,BaF3,None,,,,CHEMBL1864,Thrombopoietin receptor,Homo sapiens,SINGLE PROTEIN,CHEMBL1139790,1,Scientific Literature,Bioorg Med Chem Lett,2007,CHEMBL3307634,,,
CHEMBL248041,,None,518.5,2,5.16,71,O=C(Nc1nc(-c2cccc(C(F)(F)F)c2F)cs1)c1ccc(Nc2cc(NCCO)ncn2)cc1,EC50,'=',65,nM,7.19,,,UO_0000065,,,,,0,CHEMBL941720,Agonist activity at human TPOr expressed in BaF3 cells by reporter assay,F,BAO_0000219,cell-based format,Homo sapiens,None,None,BaF3,None,,,,CHEMBL1864,Thrombopoietin receptor,Homo sapiens,SINGLE PROTEIN,CHEMBL1139790,1,Scientific Literature,Bioorg Med Chem Lett,2007,CHEMBL3307634,,,
CHEMBL399767,,None,460.42,1,5.15,60,O=C(Nc1nc(-c2cccc(C(F)(F)F)c2F)cs1)c1ccc(Nc2nccnn2)cc1,EC50,'>',10000,nM,,,,UO_0000065,,,,,0,CHEMBL941720,Agonist activity at human TPOr expressed in BaF3 cells by reporter assay,F,BAO_0000219,cell-based format,Homo sapiens,None,None,BaF3,None,,,,CHEMBL1864,Thrombopoietin receptor,Homo sapiens,SINGLE PROTEIN,CHEMBL1139790,1,Scientific Literature,Bioorg Med Chem Lett,2007,CHEMBL3307634,,,
CHEMBL247240,,None,503.49,2,5.21,105,,,,,,,,,,,,,,,,,,,,,,,,,,,,,,,,,,,,,,,,
CHEMBL400195,,None,460.42,1,5.15,95,O=C(Nc1nsc(-c2cccc(C(F)(F)F)c2F)n1)c1ccc(Nc2ccncn2)cc1,EC50,'>',10000,nM,,,,UO_0000065,,,,,0,CHEMBL941720,Agonist activity at human TPOr expressed in BaF3 cells by reporter assay,F,BAO_0000219,cell-based format,Homo sapiens,None,None,BaF3,None,,,,CHEMBL1864,Thrombopoietin receptor,Homo sapiens,SINGLE PROTEIN,CHEMBL1139790,1,Scientific Literature,Bioorg Med Chem Lett,2007,CHEMBL3307634,,,
CHEMBL248216,,None,460.41,1,5.8,62,O=C(Nc1nc(-c2cccc(C(F)(F)F)c2F)cs1)c1ccc(Oc2ccncn2)cc1,EC50,'>',10000,nM,,,,UO_0000065,,,,,0,CHEMBL941720,Agonist activity at human TPOr expressed in BaF3 cells by reporter assay,F,BAO_0000219,cell-based format,Homo sapiens,None,None,BaF3,None,,,,CHEMBL1864,Thrombopoietin receptor,Homo sapiens,SINGLE PROTEIN,CHEMBL1139790,1,Scientific Literature,Bioorg Med Chem Lett,2007,CHEMBL3307634,,,
CHEMBL247644,,None,477.42,1,5.89,44,O=C(Nc1nc(-c2ccc(C(F)(F)F)c(F)c2F)cs1)c1ccc(Nc2ccncn2)cc1,EC50,'=',87,nM,7.06,,,UO_0000065,,,,,0,CHEMBL941720,Agonist activity at human TPOr expressed in BaF3 cells by reporter assay,F,BAO_0000219,cell-based format,Homo sapiens,None,None,BaF3,None,,,,CHEMBL1864,Thrombopoietin receptor,Homo sapiens,SINGLE PROTEIN,CHEMBL1139790,1,Scientific Literature,Bioorg Med Chem Lett,2007,CHEMBL3307634,,,
CHEMBL247643,,None,459.43,1,5.75,37,O=C(Nc1nc(-c2ccc(C(F)(F)F)c(F)c2)cs1)c1ccc(Nc2ccncn2)cc1,EC50,'=',288,nM,6.54,,,UO_0000065,,,,,0,CHEMBL941720,Agonist activity at human TPOr expressed in BaF3 cells by reporter assay,F,BAO_0000219,cell-based format,Homo sapiens,None,None,BaF3,None,,,,CHEMBL1864,Thrombopoietin receptor,Homo sapiens,SINGLE PROTEIN,CHEMBL1139790,1,Scientific Literature,Bioorg Med Chem Lett,2007,CHEMBL3307634,,,
CHEMBL248006,,None,409.42,0,4.87,41,O=C(Nc1nc(-c2c(F)cccc2F)cs1)c1ccc(Nc2ccncn2)cc1,EC50,'>',10000,nM,,,,UO_0000065,,,,,0,CHEMBL941720,Agonist activity at human TPOr expressed in BaF3 cells by reporter assay,F,BAO_0000219,cell-based format,Homo sapiens,None,None,BaF3,None,,,,CHEMBL1864,Thrombopoietin receptor,Homo sapiens,SINGLE PROTEIN,CHEMBL1139790,1,Scientific Literature,Bioorg Med Chem Lett,2007,CHEMBL3307634,,,
CHEMBL247818,,None,442.33,1,5.9,32,O=C(Nc1nc(-c2ccc(Cl)cc2Cl)cs1)c1ccc(Nc2ccncn2)cc1,EC50,'=',510,nM,6.29,,,UO_0000065,,,,,0,CHEMBL941720,Agonist activity at human TPOr expressed in BaF3 cells by reporter assay,F,BAO_0000219,cell-based format,Homo sapiens,None,None,BaF3,None,,,,CHEMBL1864,Thrombopoietin receptor,Homo sapiens,SINGLE PROTEIN,CHEMBL1139790,1,Scientific Literature,Bioorg Med Chem Lett,2007,CHEMBL3307634,,,
CHEMBL246616,,None,441.44,1,5.61,6,O=C(Nc1nc(-c2ccccc2C(F)(F)F)cs1)c1ccc(Nc2ccncn2)cc1,EC50,'>',10000,nM,,,,UO_0000065,,,,,0,CHEMBL941720,Agonist activity at human TPOr expressed in BaF3 cells by reporter assay,F,BAO_0000219,cell-based format,Homo sapiens,None,None,BaF3,None,,,,CHEMBL1864,Thrombopoietin receptor,Homo sapiens,SINGLE PROTEIN,CHEMBL1139790,1,Scientific Literature,Bioorg Med Chem Lett,2007,CHEMBL3307634,,,
CHEMBL248218,,None,530.51,1,4.93,75,O=C(Nc1nc(-c2cccc(C(F)(F)F)c2F)cs1)c1ccc(Nc2cc(N3CC(O)C3)ncn2)cc1,EC50,'=',9,nM,8.05,,,UO_0000065,,,,,0,CHEMBL941720,Agonist activity at human TPOr expressed in BaF3 cells by reporter assay,F,BAO_0000219,cell-based format,Homo sapiens,None,None,BaF3,None,,,,CHEMBL1864,Thrombopoietin receptor,Homo sapiens,SINGLE PROTEIN,CHEMBL1139790,1,Scientific Literature,Bioorg Med Chem Lett,2007,CHEMBL3307634,,,
CHEMBL247015,,None,409.42,0,4.87,56,O=C(Nc1nc(-c2ccc(F)cc2F)cs1)c1ccc(Nc2ccnnc2)cc1,EC50,'=',550,nM,6.26,,,UO_0000065,,,,,0,CHEMBL941720,Agonist activity at human TPOr expressed in BaF3 cells by reporter assay,F,BAO_0000219,cell-based format,Homo sapiens,None,None,BaF3,None,,,,CHEMBL1864,Thrombopoietin receptor,Homo sapiens,SINGLE PROTEIN,CHEMBL1139790,1,Scientific Literature,Bioorg Med Chem Lett,2007,CHEMBL3307634,,,
CHEMBL248426,,None,443.36,1,5.29,104,O=C(Nc1coc(-c2cccc(C(F)(F)F)c2F)n1)c1ccc(Nc2ccncn2)cc1,EC50,'=',7900,nM,5.1,,,UO_0000065,,,,,0,CHEMBL941720,Agonist activity at human TPOr expressed in BaF3 cells by reporter assay,F,BAO_0000219,cell-based format,Homo sapiens,None,None,BaF3,None,,,,CHEMBL1864,Thrombopoietin receptor,Homo sapiens,SINGLE PROTEIN,CHEMBL1139790,1,Scientific Literature,Bioorg Med Chem Lett,2007,CHEMBL3307634,,,
CHEMBL247655,,None,439.45,1,5.2,16,O=C(Nc1nc(-c2ccc(OC(F)F)cc2)cs1)c1ccc(Nc2ccncn2)cc1,EC50,'>',10000,nM,,,,UO_0000065,,,,,0,CHEMBL941720,Agonist activity at human TPOr expressed in BaF3 cells by reporter assay,F,BAO_0000219,cell-based format,Homo sapiens,None,None,BaF3,None,,,,CHEMBL1864,Thrombopoietin receptor,Homo sapiens,SINGLE PROTEIN,CHEMBL1139790,1,Scientific Literature,Bioorg Med Chem Lett,2007,CHEMBL3307634,,,
CHEMBL393268,,None,425.88,1,5.39,30,O=C(Nc1nc(-c2ccc(Cl)cc2F)cs1)c1ccc(Nc2ccncn2)cc1,EC50,'=',232,nM,6.63,,,UO_0000065,,,,,0,CHEMBL941720,Agonist activity at human TPOr expressed in BaF3 cells by reporter assay,F,BAO_0000219,cell-based format,Homo sapiens,None,None,BaF3,None,,,,CHEMBL1864,Thrombopoietin receptor,Homo sapiens,SINGLE PROTEIN,CHEMBL1139790,1,Scientific Literature,Bioorg Med Chem Lett,2007,CHEMBL3307634,,,
CHEMBL246844,,None,459.43,1,5.75,54,O=C(Nc1nc(-c2cccc(C(F)(F)F)c2F)cs1)c1ccc(Nc2cccnn2)cc1,EC50,'>',10000,nM,,,,UO_0000065,,,,,0,CHEMBL941720,Agonist activity at human TPOr expressed in BaF3 cells by reporter assay,F,BAO_0000219,cell-based format,Homo sapiens,None,None,BaF3,None,,,,CHEMBL1864,Thrombopoietin receptor,Homo sapiens,SINGLE PROTEIN,CHEMBL1139790,1,Scientific Literature,Bioorg Med Chem Lett,2007,CHEMBL3307634,,,
CHEMBL428226,,None,459.43,1,5.75,table 2,,,,,,,,,,,,,,,,,,,,,,,,,,,,,,,,,,,,,,,,
CHEMBL399136,,None,407.89,1,5.25,13,O=C(Nc1nc(-c2ccc(Cl)cc2)cs1)c1ccc(Nc2ccncn2)cc1,EC50,'=',568,nM,6.25,,,UO_0000065,,,,,0,CHEMBL941720,Agonist activity at human TPOr expressed in BaF3 cells by reporter assay,F,BAO_0000219,cell-based format,Homo sapiens,None,None,BaF3,None,,,,CHEMBL1864,Thrombopoietin receptor,Homo sapiens,SINGLE PROTEIN,CHEMBL1139790,1,Scientific Literature,Bioorg Med Chem Lett,2007,CHEMBL3307634,,,
CHEMBL246196,,None,442.38,0,4.82,100,O=C(Nc1cnn(-c2cccc(C(F)(F)F)c2F)c1)c1ccc(Nc2ccncn2)cc1,EC50,'>',10000,nM,,,,UO_0000065,,,,,0,CHEMBL941720,Agonist activity at human TPOr expressed in BaF3 cells by reporter assay,F,BAO_0000219,cell-based format,Homo sapiens,None,None,BaF3,None,,,,CHEMBL1864,Thrombopoietin receptor,Homo sapiens,SINGLE PROTEIN,CHEMBL1139790,1,Scientific Literature,Bioorg Med Chem Lett,2007,CHEMBL3307634,,,
